{"cameraMode":{"drawMode":0,"name":"Shaded","section":"Shading Mode"},"sceneLighting":false,"audioPlay":false,"sceneViewState":{"m_AlwaysRefresh":false,"showFog":true,"showSkybox":false,"showFlares":true,"showImageEffects":true,"showParticleSystems":true,"showVisualEffectGraphs":true,"m_FxEnabled":true},"in2DMode":false,"pivot":{"x":1.2037992477416993,"y":0.41732239723205569,"z":1.1903867721557618},"rotation":{"x":-0.0636512041091919,"y":-0.5795907974243164,"z":0.045482102781534198,"w":-0.8111648559570313},"size":0.9567825198173523,"orthographic":false}